{"acc":0.6673673884100624,"_timestamp":1.748564901554159e+09,"_runtime":211.228302604,"_wandb":{"runtime":211},"_step":0}